,avg_log_income,log_income_per_capita,migrated_yn,income_satisfaction,income_sufficiency_6m,econ_condition,country
4,5.8522024797744745,4.7593208661010635,0,2,5,2,SLV
11,5.860786223465865,4.767855768548473,0,2,3,2,SLV
13,6.311734809152915,4.709530201312334,1,2,2,1,SLV
21,6.2166061010848646,4.434777200019885,1,2,3,2,SLV
27,5.707110264748875,3.9318256327243257,1,4,2,1,SLV
53,5.707110264748875,5.017279836814924,1,1,2,3,SLV
56,6.2166061010848646,5.121977881630436,1,2,5,99,SLV
58,5.707110264748875,4.330733340286331,1,2,2,2,SLV
78,5.303304908059076,3.713572066704308,0,3,2,2,SLV
83,6.493753839851686,4.890349128221754,0,3,5,2,SLV
85,,2.4849066497880004,1,2,5,1,SLV
99,6.90875477931522,5.303304908059076,0,2,5,1,SLV
103,,1.5404450410185773,0,3,3,2,SLV
108,8.412054873292933,6.803505257608338,0,1,1,2,SLV
111,6.68586094706836,5.303304908059076,1,1,5,2,SLV
112,6.68586094706836,5.081404364984463,0,2,5,2,SLV
117,4.61512051684126,3.044522437723423,1,3,1,1,SLV
118,4.61512051684126,3.9318256327243257,0,2,5,2,SLV
119,6.398594934535208,4.61512051684126,1,2,5,2,SLV
120,7.0909098220799835,5.707110264748875,1,1,4,2,SLV
131,5.017279836814924,3.9318256327243257,1,2,4,2,SLV
135,,1.8718021769015913,0,2,3,1,SLV
145,3.268800583237375,4.590056548178043,1,2,5,1,GT
150,,0.7985076961177716,0,2,5,1,SLV
153,,0.9444616086741848,0,3,5,1,SLV
154,5.707110264748875,3.9318256327243257,0,2,4,2,SLV
158,5.198497031265826,,0,1,5,2,SLV
160,5.303304908059076,3.3868086441617464,1,2,2,2,SLV
170,2.882182763867079,3.1208954166550558,1,2,2,3,GT
182,3.546924107986555,4.189654742026425,0,2,2,3,GT
188,5.303304908059076,3.5361166994644386,0,3,5,2,SLV
198,5.303304908059076,3.5361166994644386,0,3,5,1,SLV
204,6.55250788703459,5.170483995038151,0,2,2,2,SLV
222,5.5254529391317835,4.434777200019885,0,3,5,2,SLV
223,5.707110264748875,4.330733340286331,1,4,5,1,SLV
224,,1.041453874710514,0,4,4,2,SLV
225,6.55250788703459,4.767855768548473,1,2,2,2,SLV
226,5.707110264748875,4.330733340286331,0,2,3,2,SLV
235,5.860786223465865,4.083171261567796,0,3,5,2,SLV
236,5.5254529391317835,4.836281906951478,0,3,4,1,SLV
239,4.61512051684126,2.7269186856869667,0,2,2,2,SLV
246,5.5254529391317835,3.9318256327243257,0,2,5,1,SLV
249,4.705429914722859,4.954652659110302,0,2,4,3,GT
260,5.303304908059076,4.61512051684126,1,2,3,1,SLV
268,3.875129949178442,4.301358731606427,0,4,4,3,GT
274,5.017279836814924,3.9318256327243257,0,3,5,2,SLV
279,5.860786223465865,4.2626798770413155,1,2,3,1,SLV
281,3.268800583237375,3.6888794541139363,0,2,2,2,GT
282,2.1498930155556,2.0149030205422647,0,4,5,1,GT
283,2.2435354801994696,3.5115454388310208,0,4,3,2,GT
286,3.268800583237375,3.907010463604602,0,2,5,2,GT
287,2.4080184060020806,3.0204248861443626,0,3,5,2,GT
288,2.046567048605754,2.4336133554004498,0,3,2,1,GT
289,2.4080184060020806,2.8094026953624978,0,3,5,2,GT
290,3.055125078171516,3.295836866004329,0,2,5,2,GT
293,5.993961427306569,4.900324273030434,0,3,3,2,SLV
295,5.707110264748875,4.61512051684126,1,3,5,2,SLV
296,,1.1631508098056809,0,2,4,2,SLV
299,6.68586094706836,4.135781752110874,1,1,1,2,SLV
302,5.707110264748875,3.9318256327243257,1,2,5,99,SLV
303,,0.9444616086741848,0,99,5,1,SLV
304,3.764288365393559,4.694401319411156,1,2,1,3,GT
305,3.2025220275151574,3.6216707044204863,0,3,5,2,GT
306,2.882182763867079,2.974070776699819,0,3,5,1,GT
316,3.942738420088993,4.590056548178043,0,2,1,2,GT
321,3.268800583237375,3.5115454388310208,0,3,5,2,GT
333,4.6261407584217205,4.875197323201151,1,3,5,1,GT
343,3.7640396849492554,3.8592248198912955,0,3,5,1,GT
344,4.225309079906794,4.321290399542975,1,4,5,1,GT
345,2.8819424419353696,2.7372493555067026,0,3,2,1,GT
346,,0.7985076961177716,0,3,5,3,GT
348,,1.1631508098056809,0,3,5,3,GT
350,,0.7419373447293773,1,2,2,3,GT
354,2.68397333223609,4.418840607796598,0,3,4,1,HND
355,,1.1631508098056809,0,2,5,2,HND
358,,1.1631508098056809,0,2,1,1,HND
364,,0.8649974374866045,0,2,5,2,HND
370,3.713572066704308,2.3978952727983707,1,3,5,1,SLV
377,4.875197323201151,3.5115454388310208,0,3,5,1,SLV
385,,0.9444616086741848,0,99,5,2,SLV
387,4.330733340286331,2.4608090978430863,1,2,5,1,SLV
391,5.993961427306569,4.394449154672439,0,2,3,2,SLV
397,,1.1631508098056809,0,4,5,2,SLV
416,6.55250788703459,5.170483995038151,0,2,5,2,SLV
418,6.55250788703459,5.170483995038151,1,2,2,99,SLV
423,,1.3217558399823195,1,2,4,2,SLV
424,5.017279836814924,3.4339872044851463,0,1,3,3,SLV
425,5.707110264748875,4.330733340286331,1,2,3,2,SLV
430,,0.7985076961177716,0,3,5,1,SLV
431,,1.041453874710514,0,3,4,2,SLV
432,,1.1631508098056809,0,3,4,2,SLV
441,,1.1631508098056809,0,2,2,3,SLV
458,5.303304908059076,3.5361166994644386,1,1,5,2,SLV
462,,1.5404450410185773,0,4,5,1,SLV
463,5.303304908059076,4.214593690422939,0,3,5,1,SLV
464,5.860786223465865,4.083171261567796,0,4,5,2,SLV
465,5.860786223465865,4.767855768548473,1,3,5,3,SLV
470,5.5254529391317835,4.151039905898646,0,2,3,1,SLV
472,5.303304908059076,3.258096538021482,1,2,5,2,SLV
473,5.707110264748875,4.110873864173311,0,2,5,3,SLV
474,5.993961427306569,4.394449154672439,0,2,5,1,SLV
475,5.017279836814924,5.017279836814924,1,2,5,3,SLV
497,5.993961427306569,4.394449154672439,0,2,5,99,SLV
498,5.860786223465865,4.483002552013883,0,2,5,2,SLV
501,4.61512051684126,3.5361166994644386,0,4,5,1,SLV
506,7.0909098220799835,4.900324273030434,0,2,5,99,SLV
507,4.110873864173311,3.4339872044851463,0,3,4,1,SLV
508,6.478509642208569,5.096812990337308,0,2,3,2,SLV
509,5.707110264748875,4.330733340286331,1,2,5,2,SLV
521,5.8888779583328805,3.713572066704308,0,3,5,1,SLV
522,,2.4849066497880004,1,2,5,3,SLV
538,2.8933644974027586,4.418840607796598,0,2,3,2,HND
549,4.225309079906794,4.875197323201151,1,1,1,2,GT
556,,1.1631508098056809,0,2,5,1,HND
557,,1.041453874710514,0,4,5,1,HND
562,,1.1631508098056809,1,2,5,1,HND
563,2.782787722667157,3.1945831322991562,0,4,5,3,GT
566,,0.8649974374866045,1,2,5,2,HND
568,2.6727081641497383,3.970291913552122,0,4,5,3,GT
575,2.4187997883363344,3.9160150266976834,1,3,5,2,HND
585,,1.8718021769015913,0,2,1,2,HND
588,3.7638286348524845,4.010358906209431,0,4,5,2,GT
589,1.800649997764995,2.6390573296152584,1,3,5,1,GT
593,,1.1631508098056809,0,2,3,1,GT
595,3.054676613899617,3.0204248861443626,1,2,3,2,GT
597,,0.7419373447293773,1,2,2,3,GT
646,1.4821184997338472,2.856470206220483,1,3,5,1,HND
647,1.939311065779539,3.391147045808654,1,2,4,2,HND
648,1.1123038631585764,2.5877640352277083,1,3,5,2,HND
649,,1.1631508098056809,0,3,4,2,HND
656,7.741099090035366,6.6433556111959975,0,2,2,2,SLV
662,3.9318256327243257,2.8716796250726913,0,2,5,2,SLV
675,,1.3217558399823195,1,2,5,2,SLV
692,5.303304908059076,3.9318256327243257,0,4,5,1,SLV
696,5.860786223465865,4.767855768548473,0,2,5,2,SLV
698,5.707110264748875,3.6506582412937387,0,3,5,2,SLV
718,,1.041453874710514,0,3,3,1,SLV
724,5.303304908059076,3.9318256327243257,1,2,4,3,SLV
734,0.9936705741897145,2.4203681286504293,1,4,5,1,HND
744,5.303304908059076,3.5361166994644386,0,3,2,2,SLV
752,5.017279836814924,2.9831534913471307,0,3,5,2,SLV
778,5.993961427306569,4.214593690422939,0,3,3,2,SLV
781,6.311734809152915,5.216745712673394,0,2,3,2,SLV
784,6.90875477931522,5.303304908059076,0,1,1,3,SLV
785,5.707110264748875,4.330733340286331,1,2,2,2,SLV
791,7.00397413672268,5.9071767306760545,1,1,1,2,SLV
792,6.90875477931522,5.812138499194125,1,2,3,2,SLV
794,5.860786223465865,4.083171261567796,1,3,2,2,SLV
799,,1.5404450410185773,0,2,4,1,HND
801,1.2674253766594872,2.7957557815213154,0,2,5,1,HND
802,1.2674253766594872,2.7957557815213154,0,2,5,1,HND
803,2.4165194876792233,4.418840607796598,1,2,2,2,HND
804,1.4821184997338472,3.068052935133617,0,2,2,1,HND
812,2.5578408440481866,4.287028906051602,0,4,5,2,HND
813,2.4165194876792233,4.135166556742356,0,3,5,1,HND
814,0.8590449353929253,2.0228711901914416,1,4,4,1,HND
816,2.5578408440481866,3.888413139720753,0,2,3,2,HND
823,2.681641062790814,4.198704577546343,0,2,5,1,HND
824,2.7813047458570113,3.531427877691953,0,3,5,1,HND
827,2.4165194876792233,3.7376696182833684,0,4,5,2,HND
837,2.681641062790814,4.703506086406838,1,2,2,2,HND
841,3.555994138451025,4.771894545605621,1,1,2,2,HND
845,3.7638286348524845,4.694401319411156,0,3,3,1,GT
860,,1.3217558399823195,0,4,2,1,GT
861,1.6508327028754455,2.211017899468555,1,1,5,3,GT
873,0.2928384056868447,1.62924053973028,0,4,1,3,HND
880,,1.3217558399823195,0,3,5,2,GT
881,2.0461572132757784,1.745239453545543,0,3,2,2,GT
883,2.8817384871162584,2.974070776699819,1,2,5,2,GT
892,2.7290599100396444,3.139832617527748,1,2,2,2,GT
896,2.548795663166066,3.4446824934955114,0,3,3,2,GT
897,,1.1631508098056809,1,2,2,2,HND
911,1.8088448460491695,3.068052935133617,0,3,5,2,HND
914,1.3589033028726674,2.9137084380754,1,3,3,1,HND
917,1.6906382144520793,2.786773357319766,1,4,2,1,HND
920,3.546384580682379,3.970291913552122,0,2,2,1,GT
932,3.7637457101263423,3.8592248198912955,0,3,5,2,GT
935,4.341169222859775,4.992131822531696,1,2,4,2,GT
937,4.093568260978247,3.8394523125933104,0,4,5,1,GT
938,,0.9444616086741848,0,2,5,3,GT
939,4.17448868013806,4.422848629154137,1,2,2,3,GT
945,4.005518594403364,3.970291913552122,0,3,5,3,GT
947,3.546384580682379,3.64133850927003,1,2,3,3,GT
986,,1.041453874710514,1,3,5,3,SLV
991,2.054367293775971,3.7376696182833684,0,4,5,1,HND
994,1.4818204267101112,3.3440389677045594,0,4,5,1,HND
996,2.489320851183274,4.497956101643837,0,3,2,2,HND
1002,,1.5404450410185773,0,3,4,2,HND
1012,2.416168210216218,3.3440389677045594,0,2,5,2,HND
1016,6.478509642208569,4.875197323201151,0,1,2,2,SLV
1027,,1.041453874710514,1,2,4,2,SLV
1028,6.398594934535208,5.017279836814924,0,3,5,2,SLV
1045,,1.3217558399823195,0,3,5,2,HND
1046,,1.1631508098056809,0,3,5,2,HND
1047,,1.1631508098056809,0,4,5,2,HND
1048,2.8906356119725047,4.639571612705423,0,4,5,1,HND
1052,,1.3217558399823195,1,4,5,2,HND
1057,0.41220401723511063,1.404870746692826,0,3,5,2,HND
1058,1.6584542415025139,3.560098664342798,1,2,4,2,HND
1063,2.416168210216218,3.3440389677045594,1,2,5,2,HND
1065,,1.3217558399823195,1,2,4,2,SLV
1073,6.2166061010848646,4.61512051684126,0,2,5,2,SLV
1079,,,0,2,1,3,SLV
1081,6.2166061010848646,4.836281906951478,1,2,3,2,SLV
1097,3.828641396489095,2.505525936990736,0,4,5,1,SLV
1114,,1.8718021769015913,0,4,3,1,SLV
1115,,1.8718021769015913,0,3,3,1,SLV
1119,1.8085223504548795,3.457892725338701,0,2,2,3,HND
1121,3.1762360333222612,4.715816706075155,0,2,2,1,HND
1123,,1.041453874710514,0,1,2,2,HND
1133,5.5254529391317835,3.4735180432417816,0,2,2,2,SLV
1154,2.681281768821499,3.868220382829455,1,2,2,2,HND
1157,,1.3217558399823195,0,2,4,2,SLV
1164,5.707110264748875,3.9318256327243257,1,2,2,2,SLV
1180,3.9318256327243257,2.8716796250726913,0,3,5,1,SLV
1196,5.303304908059076,3.713572066704308,0,3,2,1,SLV
1211,,1.3217558399823195,1,3,5,1,SLV
1216,4.795790545596741,3.4339872044851463,0,3,5,2,SLV
1229,0.9934276834630583,2.4203681286504293,0,4,5,1,HND
1243,3.7730338893458035,5.550048374714159,0,2,2,2,HND
1244,3.951517719501285,6.018593214496234,1,2,3,2,HND
1248,4.625590661592376,5.278114659230517,0,3,2,1,GT
1251,3.0545957218850384,5.056245805348308,0,2,5,2,GT
1256,2.6724279975399523,2.763620052437201,1,99,5,1,GT
1258,3.0545957218850384,3.970291913552122,0,2,1,2,GT
1259,4.7783406657737455,5.209486152841421,0,1,1,2,GT
1274,,1.3217558399823195,0,3,2,2,HND
1277,3.4442221323327553,4.770684624465665,0,2,2,2,GT
1278,3.47075777207977,3.893859034800475,0,2,2,2,GT
1279,3.47075777207977,3.893859034800475,0,2,2,2,GT
1281,3.546384580682379,4.189654742026425,0,2,2,2,GT
1282,3.496607435266805,4.422848629154137,0,2,2,2,GT
1287,4.635005648984646,6.018593214496234,1,1,1,1,HND
1289,,1.1631508098056809,0,2,2,2,HND
1293,,1.5404450410185773,0,3,2,1,GT
1294,4.910820262667382,5.85124416642854,0,1,2,1,GT
1298,1.267148287574278,2.5877640352277083,0,3,4,2,HND
1301,0.9934276834630583,2.6855773454774243,0,4,5,1,HND
1306,3.06365724170176,5.10594547390058,1,2,2,2,HND
1310,2.881432476870934,4.189654742026425,0,4,5,1,GT
1313,2.782280913342107,2.874371416307788,1,4,5,1,GT
1317,4.22477674057295,5.160969175205609,0,1,1,2,GT
1320,,1.3217558399823195,0,3,4,2,HND
1326,3.546152194528203,3.970291913552122,0,2,3,1,GT
1327,3.4439904882639745,4.770684624465665,0,2,3,1,GT
1328,3.9419590180702992,3.907010463604602,1,3,3,1,GT
1329,3.268036015807378,3.5115454388310208,0,3,4,1,GT
1330,3.7635119761673015,4.409763389645481,0,3,3,1,GT
1345,5.707110264748875,4.330733340286331,0,3,5,1,SLV
1354,4.110873864173311,2.5649493574615367,0,4,5,2,SLV
1357,4.948759890378168,3.367295829986474,0,2,2,2,SLV
1360,4.795790545596741,3.4339872044851463,0,3,4,1,SLV
1362,,1.041453874710514,0,3,2,2,SLV
1365,4.394449154672439,3.32022831924897,0,2,3,1,SLV
1368,5.6131281063880705,4.923623917106626,0,2,5,2,SLV
1371,2.5574405444457913,4.973279507552487,0,2,2,2,HND
1375,4.63495789406753,5.864847967392973,1,3,5,1,HND
1391,1.6584152019516352,3.068052935133617,0,2,5,2,HND
1404,,1.041453874710514,1,2,3,2,HND
1409,2.2428250036117285,2.6390573296152584,0,4,5,1,GT
1410,2.9716337731939926,2.6390573296152584,1,4,5,2,GT
1413,3.268036015807378,3.6888794541139363,0,1,2,2,GT
1415,2.2428250036117285,2.211017899468555,0,3,2,1,GT
1416,2.612262790774845,3.0204248861443626,0,4,5,2,GT
1419,,1.3217558399823195,0,4,5,2,HND
1420,,1.3217558399823195,0,4,5,1,HND
1423,,1.3217558399823195,0,4,5,1,HND
1424,4.61512051684126,3.5361166994644386,0,2,5,3,SLV
1436,5.707110264748875,4.110873864173311,0,3,3,2,SLV
1451,6.2166061010848646,4.836281906951478,0,2,4,1,SLV
1472,,1.8718021769015913,0,3,1,1,SLV
1473,5.303304908059076,3.9318256327243257,0,1,1,2,SLV
1474,,1.1631508098056809,0,4,1,2,SLV
1475,4.61512051684126,3.044522437723423,0,3,5,2,SLV
1477,4.61512051684126,3.9318256327243257,0,3,5,1,SLV
1479,1.3138926862587772,2.4793356044592154,0,3,5,2,HND
1480,0.8587948305034604,3.520460802488973,0,3,5,2,HND
1481,0.7032142372736524,1.9671123567059163,0,3,3,1,HND
1483,1.4013571948894354,2.757475084429733,0,2,5,2,HND
1490,1.4817831613342765,2.6855773454774243,0,2,2,2,HND
1491,,0.6931471805599453,1,2,2,2,HND
1499,5.707110264748875,4.61512051684126,0,3,5,2,SLV
1500,4.61512051684126,3.9318256327243257,0,3,5,2,SLV
1502,2.054325251850937,4.418840607796598,0,2,2,1,HND
1505,,0.9444616086741848,0,2,2,2,HND
1508,2.657673356821385,4.393831680123644,0,3,2,2,HND
1510,2.2514986193228794,3.9560398908449206,1,2,5,2,HND
1511,0.8587948305034604,2.4793356044592154,0,2,5,2,HND
1515,2.054325251850937,3.3440389677045594,0,2,5,2,HND
1521,,0.9444616086741848,0,3,5,2,SLV
1529,5.017279836814924,3.4339872044851463,1,4,5,1,SLV
1531,5.303304908059076,3.713572066704308,0,3,99,1,SLV
1538,5.993961427306569,4.61512051684126,1,4,5,2,SLV
1545,2.4161242918558012,4.418840607796598,1,4,5,1,HND
1547,2.5574405444457913,4.287028906051602,0,4,5,1,HND
1548,2.196318289003207,4.578312731818208,1,4,5,1,HND
1549,2.2514986193228794,4.238925790985132,1,4,5,1,HND
1550,2.7913820781379837,4.314817884980432,1,2,5,2,HND
1551,3.0636112715808355,4.820281565605037,1,2,2,2,HND
1555,,1.8718021769015913,1,1,1,2,SLV
1556,1.938939553663439,3.888413139720753,0,4,5,1,HND
1561,,0.7985076961177716,0,2,5,1,HND
1562,1.8084820311918708,3.457892725338701,0,2,5,1,HND
1564,,1.5404450410185773,0,2,2,1,HND
1571,5.017279836814924,3.6506582412937387,0,3,5,2,SLV
1572,4.61512051684126,3.044522437723423,0,4,5,1,SLV
1582,5.8888779583328805,4.290459441148391,0,2,5,1,SLV
1593,,1.8718021769015913,0,3,5,1,GT
1611,4.948759890378168,3.8642323416617277,0,1,3,2,SLV
1613,4.795790545596741,3.2188758248682006,0,2,3,2,SLV
1614,,0.8649974374866045,0,2,3,2,SLV
1617,5.707110264748875,4.110873864173311,0,3,4,2,SLV
1622,,1.041453874710514,0,4,5,2,SLV
1628,5.860786223465865,4.483002552013883,0,2,1,2,SLV
1632,4.795790545596741,3.713572066704308,0,4,5,1,SLV
1636,6.2166061010848646,4.61512051684126,1,3,2,1,SLV
1638,5.707110264748875,4.110873864173311,1,3,3,2,SLV
1643,6.439350371100098,5.7477993600729755,0,2,5,1,SLV
1644,5.303304908059076,3.1451096745328977,1,2,5,1,SLV
1661,,1.5404450410185773,0,2,2,1,HND
1662,3.0636112715808355,4.599152113662528,1,2,2,2,HND
1665,,1.041453874710514,1,3,5,2,GT
1666,2.4077867360322855,2.6390573296152584,0,3,5,1,GT
1668,2.6812368479971833,4.198704577546343,1,4,2,2,HND
1672,,1.5404450410185773,0,4,5,1,HND
1674,3.268036015807378,4.590056548178043,0,2,2,2,GT
1675,3.9419590180702992,4.3694478524670215,1,4,5,2,GT
1677,4.22477674057295,5.160969175205609,1,2,3,2,GT
1679,4.0933329673992125,4.7427558489406545,1,4,3,1,GT
1688,3.6607261555641673,4.30575285731789,0,2,2,2,GT
1690,3.9419590180702992,4.590056548178043,0,2,2,1,GT
1692,3.874351625837535,4.806749559113981,0,2,3,2,GT
1708,3.546152194528203,4.189654742026425,0,3,3,1,GT
1709,3.7635119761673015,3.5115454388310208,0,2,3,1,GT
1714,,1.3217558399823195,1,2,2,2,HND
1715,,1.041453874710514,0,3,5,2,GT
1718,,1.041453874710514,0,4,4,3,GT
1726,3.9087265581109483,4.004732403584497,1,4,5,1,GT
1727,3.7635119761673015,5.096812990337308,0,1,2,3,GT
1728,3.7635119761673015,3.7287009483006077,0,4,5,1,GT
1734,2.6722052449974827,3.295836866004329,0,4,4,2,GT
1736,3.9087265581109483,4.55650501400681,0,1,2,3,GT
1738,,1.3217558399823195,0,1,2,2,GT
1739,2.782280913342107,3.0204248861443626,0,3,5,2,GT
1740,3.268036015807378,4.189654742026425,0,2,2,2,GT
1746,2.8905900673982448,6.018593214496234,1,3,3,1,HND
1750,2.881432476870934,3.7917368394784563,0,2,2,2,GT
1752,2.6722052449974827,2.908720896382543,0,2,2,2,GT
1754,4.444990283538364,4.875197323201151,1,1,1,1,GT
1755,3.9419590180702992,4.3694478524670215,0,2,5,1,GT
1765,2.238641594795209,2.211017899468555,0,2,5,2,GT
1768,1.4706888169563062,1.824549292051046,0,4,5,1,GT
1773,4.336312746411943,4.590056548178043,0,2,4,3,GT
1778,,1.3217558399823195,1,2,5,1,GT
1783,3.138807286861064,4.678420647727684,0,1,1,2,HND
1785,3.771713838352859,5.146525014594919,0,2,1,1,HND
1787,3.554306948290527,5.614343911887453,1,4,4,1,HND
1789,,1.041453874710514,1,1,5,2,HND
1804,3.719088142221286,4.3694478524670215,1,2,2,2,GT
1809,,1.1631508098056809,0,2,2,1,HND
1810,,1.5404450410185773,1,3,3,2,HND
1812,,1.5404450410185773,1,2,2,2,HND
1838,2.877014050746387,4.189654742026425,0,3,2,2,GT
1841,3.412204249892664,4.341638573725209,0,2,2,2,GT
1842,3.491836182698006,4.139158578011894,0,3,2,2,GT
1843,3.1263002546085876,4.0488821880872035,0,2,3,2,GT
1844,3.4394589170027228,3.86702563949741,0,2,5,3,GT
1848,3.2635332706326223,4.189654742026425,1,2,3,2,GT
1850,3.197269030240466,3.8394523125933104,0,3,3,3,GT
1852,3.7972632550357868,4.448516375942715,0,3,4,3,GT
1855,2.250332917974736,3.4106761257582088,1,3,2,1,HND
1858,1.2661778706993188,3.068052935133617,1,3,3,2,HND
1860,1.1111384411567171,2.3832429960115,1,3,5,1,HND
1865,1.8073927961429912,3.457892725338701,0,3,4,3,HND
1867,2.889359579149377,4.639571612705423,0,4,5,2,HND
1874,3.197269030240466,3.8394523125933104,0,4,5,2,GT
1875,3.0499075310934023,3.970291913552122,0,3,4,2,GT
1876,2.0417999011349157,1.824549292051046,0,99,5,2,GT
1882,5.127597845098997,5.382964840761461,1,2,5,3,GT
1886,2.0417999011349157,2.1316272949012536,0,3,5,2,GT
1896,,1.3217558399823195,1,2,5,1,GT
1907,,0.7985076961177716,1,2,2,1,GT
1911,2.877014050746387,2.6390573296152584,0,2,2,3,GT
1912,3.9373686730243533,3.5960661543835104,1,2,5,1,GT
1913,,1.5404450410185773,0,4,2,1,GT
1914,2.5701691873378896,2.5416019934645457,0,4,4,1,GT
1917,2.0531894512357307,4.418840607796598,0,3,5,1,HND
1923,2.0531894512357307,4.0193815238085255,1,2,3,2,HND
1932,3.942556866126234,4.189654742026425,0,2,2,1,GT
1942,1.8071707693989334,3.242592351485517,0,4,2,1,HND
1944,1.4805712800212503,2.6855773454774243,1,4,5,1,HND
1947,,1.1631508098056809,1,2,2,2,HND
1962,1.4805712800212503,2.856470206220483,0,2,4,1,HND
1963,1.4805712800212503,2.856470206220483,0,4,5,2,HND
1964,2.0529579262008597,3.1957534075058263,1,4,5,1,HND
1966,0.9924099372845193,2.4203681286504293,0,2,5,2,HND
1983,1.2659871423922,2.1618852108909103,0,2,5,1,HND
1986,5.132857646573378,6.478509642208569,1,1,1,2,GT
1994,3.054948657209534,3.6888794541139363,0,2,3,1,GT
1996,3.764107513021929,3.8592248198912955,1,3,4,1,GT
1997,3.268622483831558,3.6888794541139363,1,3,4,1,GT
2002,1.9375968318495707,3.888413139720753,1,2,5,2,HND
2004,1.8071707693989334,3.242592351485517,1,3,5,1,HND
2005,2.6727728068373056,3.5742165458872543,0,3,5,3,GT
2009,4.225377502980135,4.321290399542975,0,3,5,1,GT
2011,2.6727728068373056,3.0819099697950434,0,4,3,2,GT
2012,3.546744297893192,4.189654742026425,0,2,3,2,GT
2013,4.093932477326782,4.5217885770490405,0,1,1,2,GT
2014,2.407849924074249,2.496741107199709,0,4,5,2,GT
2017,2.979349200910754,4.7340030578310595,1,1,2,3,HND
2020,3.4518621052071055,4.66747406905579,0,4,2,1,HND
2039,2.2500952936061087,3.7376696182833684,0,4,5,3,HND
2040,1.9617583010437638,3.094930987292057,1,4,5,3,HND
2044,5.303304908059076,4.214593690422939,1,3,1,1,HND
2047,,1.5404450410185773,0,2,2,2,HND
2048,2.2500952936061087,3.7376696182833684,0,3,3,1,HND
2049,2.6727728068373056,2.908720896382543,0,4,4,3,GT
2050,3.7242512311451277,4.3694478524670215,0,3,3,3,GT
2051,3.268622483831558,3.2337644373619514,0,4,5,3,GT
2052,3.8749486464079643,4.301358731606427,1,2,3,3,GT
2058,2.9722122332319785,4.283586561860629,0,3,2,1,GT
2059,3.546744297893192,4.473541743547678,0,3,2,2,GT
2061,3.4445807011871796,4.3694478524670215,0,2,2,2,GT
2063,3.942556866126234,3.7917368394784563,1,2,3,1,GT
2068,3.546744297893192,4.473541743547678,0,3,5,2,GT
2069,2.6727728068373056,3.5742165458872543,0,2,4,2,GT
2071,2.882007990008322,3.7917368394784563,1,2,5,2,GT
2078,4.44559280823473,4.694401319411156,1,1,2,2,GT
2083,1.2659871423922,2.4203681286504293,0,3,3,3,HND
2087,2.555993682543335,3.7376696182833684,1,2,2,3,HND
2092,4.225377502980135,4.875197323201151,0,1,1,2,GT
2095,,0.7985076961177716,0,3,4,1,GT
2097,,1.3217558399823195,0,2,1,1,GT
2100,1.6510634240480146,1.7303905228770793,1,4,5,1,GT
2101,3.942556866126234,4.590056548178043,0,2,2,1,GT
2105,4.44559280823473,4.293498957135939,0,2,2,1,GT
2106,6.9996552871187,7.2508720580855,1,1,1,1,GT
2107,2.882007990008322,3.295836866004329,1,2,5,2,GT
2110,2.6727728068373056,3.0819099697950434,1,3,5,2,GT
2123,,1.8718021769015913,0,2,1,2,GT
2135,3.942556866126234,4.189654742026425,1,1,2,2,GT
2140,4.225377502980135,4.473541743547678,1,2,2,1,GT
2141,3.8749486464079643,4.806749559113981,0,2,3,1,GT
2143,3.942556866126234,4.3694478524670215,0,3,3,1,GT
2145,3.38929806476898,3.8110970868381857,1,3,2,1,GT
2149,,1.5404450410185773,1,2,2,2,GT
2155,3.2360324447684543,3.655839600035736,1,2,2,2,GT
2156,,0.9444616086741848,0,4,5,2,GT
2187,1.4805712800212503,3.068052935133617,1,3,5,2,HND
2188,1.4805712800212503,2.134704220408649,1,3,5,2,HND
2189,1.4805712800212503,2.542726220339748,1,3,5,2,HND
2192,2.779426491322146,4.124173015321413,1,2,4,2,HND
2194,,0.8649974374866045,1,2,3,2,HND
2199,2.4146958941239496,3.9160150266976834,0,3,5,1,HND
2200,2.4146958941239496,4.135166556742356,0,3,5,2,HND
2201,,1.3217558399823195,0,3,5,2,HND
2202,2.156376656553956,3.8528036457681747,1,4,5,1,HND
2211,4.61512051684126,3.258096538021482,1,3,5,2,SLV
2212,6.111467339502679,5.017279836814924,1,2,2,3,SLV
2217,3.58351893845611,2.538973871321434,0,2,2,2,SLV
2226,,1.5404450410185773,0,3,5,2,SLV
2230,4.2626798770413155,2.3978952727983707,0,2,2,2,SLV
2238,1.6571455861601982,3.068052935133617,1,3,5,2,HND
2239,1.4805712800212503,2.856470206220483,1,2,5,1,HND
2255,,1.8718021769015913,0,4,5,1,SLV
2261,5.017279836814924,3.4339872044851463,1,4,5,1,SLV
2270,1.4805712800212503,3.7376696182833684,0,2,5,1,HND
2272,1.4805712800212503,2.856470206220483,0,2,5,1,HND
2273,,1.041453874710514,0,2,5,2,HND
2279,4.394449154672439,3.044522437723423,1,3,5,1,SLV
2281,,1.1631508098056809,0,3,5,1,SLV
2285,4.61512051684126,2.8716796250726913,0,3,5,3,SLV
2291,4.110873864173311,2.772588722239781,0,4,5,3,SLV
2296,4.795790545596741,3.2188758248682006,0,3,4,2,SLV
2313,5.707110264748875,4.330733340286331,0,3,5,2,SLV
2314,5.303304908059076,5.303304908059076,0,3,5,2,SLV
2328,3.4339872044851463,2.1400661634962708,0,2,5,1,SLV
2338,5.5254529391317835,3.9318256327243257,0,4,5,1,SLV
2339,4.110873864173311,2.772588722239781,0,2,5,2,SLV
2346,3.1385531846838814,4.678420647727684,1,3,3,1,HND
2347,,1.5404450410185773,1,1,3,1,HND
2350,,1.3217558399823195,0,1,2,1,HND
2353,2.6797758216364578,4.703506086406838,0,2,1,2,HND
2356,,1.5404450410185773,0,2,2,1,HND
2359,5.993961427306569,4.214593690422939,0,2,2,2,SLV
2364,6.2166061010848646,4.836281906951478,1,4,2,2,SLV
2382,5.860786223465865,3.9318256327243257,0,3,4,2,SLV
2383,6.68586094706836,5.303304908059076,0,4,4,2,SLV
2385,5.484796933490655,4.394449154672439,0,2,3,2,SLV
2386,4.394449154672439,3.32022831924897,0,2,4,3,SLV
2392,4.61512051684126,3.9318256327243257,1,4,5,1,SLV
2394,5.771441123130016,4.679040034864144,0,2,2,2,SLV
2395,5.564520407322694,3.970291913552122,0,3,4,2,SLV
2396,6.55250788703459,5.860786223465865,1,1,1,2,SLV
2397,5.017279836814924,2.9831534913471307,1,3,5,2,SLV
2403,5.017279836814924,3.4339872044851463,1,4,5,1,SLV
2404,5.993961427306569,3.9318256327243257,0,3,5,3,SLV
2407,5.198497031265826,3.828641396489095,0,3,2,1,SLV
2408,5.303304908059076,3.9318256327243257,0,3,5,2,SLV
2422,,1.3217558399823195,0,2,4,1,HND
2425,,1.8718021769015913,0,3,3,2,SLV
2434,4.110873864173311,2.772588722239781,0,4,5,1,SLV
2444,2.6797758216364578,4.198704577546343,1,1,2,2,HND
2455,2.6727728068373056,3.5742165458872543,0,3,5,2,GT
2459,3.546744297893192,4.473541743547678,0,4,5,2,GT
2461,2.882007990008322,3.295836866004329,0,2,5,1,GT
2462,3.942556866126234,4.875197323201151,0,2,4,2,GT
2468,4.00588224221447,4.653960350157523,1,2,1,1,GT
2471,,1.1631508098056809,1,2,2,2,GT
2474,5.564520407322694,4.473541743547678,1,3,2,1,SLV
2476,5.993961427306569,4.900324273030434,0,3,5,3,SLV
2490,3.3380320683540994,4.884315927417586,1,2,2,2,HND
2496,2.6797758216364578,4.0193815238085255,1,3,2,1,HND
2500,,1.8718021769015913,0,3,4,3,GT
2503,,0.9444616086741848,0,1,1,3,GT
2505,,0.7419373447293773,1,4,4,1,GT
2511,4.093932477326782,4.7427558489406545,0,2,1,1,GT
2512,3.764107513021929,5.096812990337308,0,2,2,1,GT
2513,2.882007990008322,3.295836866004329,1,3,3,3,GT
2516,4.62595742643283,5.278114659230517,0,4,2,1,GT
2517,2.407849924074249,3.0204248861443626,0,3,4,1,GT
2518,4.337138551474499,4.4331949212482815,0,1,3,1,GT
2519,4.77870794459833,4.6260615449106535,1,1,2,3,GT
2523,3.3307794953236574,3.751854253275325,1,2,2,3,GT
2528,4.62595742643283,5.056245805348308,0,2,2,2,GT
2531,3.4445807011871796,4.3694478524670215,0,2,2,2,GT
2532,3.546744297893192,4.473541743547678,0,2,2,2,GT
2533,3.471116650577138,4.112920947795036,0,2,2,2,GT
2535,3.4445807011871796,4.085976312551584,0,2,2,2,GT
2543,3.38929806476898,3.4834354798552676,0,2,2,2,GT
2544,3.546744297893192,3.7917368394784563,1,2,2,2,GT
2546,2.9053332741363134,3.5355097192697493,0,4,5,1,GT
2547,2.6727728068373056,3.295836866004329,1,3,5,2,GT
2557,,1.5404450410185773,0,4,5,1,HND
2558,,0.8649974374866045,1,3,3,2,HND
2559,2.889108738400512,4.924835304535054,1,2,5,2,HND
2566,3.546744297893192,3.3974868023027947,0,3,3,1,GT
2569,3.4445807011871796,4.3694478524670215,0,3,5,1,GT
2577,2.0529579262008597,4.418840607796598,1,2,5,1,HND
2578,,1.5404450410185773,1,4,5,1,HND
2582,,1.3217558399823195,0,3,3,2,HND
2588,2.882007990008322,3.5115454388310208,0,3,2,1,GT
2589,4.093932477326782,4.7427558489406545,0,2,2,1,GT
2595,4.225377502980135,3.713572066704308,1,2,3,2,GT
2598,3.764107513021929,4.010358906209431,1,3,3,2,GT
2600,3.942556866126234,4.03802613155631,0,4,5,1,GT
2612,5.7255147422664,,0,2,2,2,HND
2624,1.8071707693989334,2.5877640352277083,0,4,5,1,HND
2635,,0.9444616086741848,0,2,1,3,HND
2644,5.860786223465865,4.483002552013883,0,2,5,1,SLV
2651,5.860786223465865,4.2626798770413155,0,2,5,2,SLV
2654,6.398594934535208,4.795790545596741,0,3,2,2,SLV
2670,,0.7419373447293773,0,2,5,2,GT
2671,,1.3217558399823195,0,3,5,2,GT
2672,2.4159046711167216,3.9160150266976834,0,2,1,2,HND
2673,2.0541150157088266,3.3440389677045594,0,1,1,2,HND
2674,1.4815968136216326,2.542726220339748,0,2,1,2,HND
2689,5.028075787343936,5.278114659230517,1,1,1,3,GT
2692,1.9387330983889748,3.2155369237364653,0,1,1,2,HND
2695,,1.1631508098056809,1,3,5,1,HND
2698,4.778631439299796,4.7427558489406545,0,3,5,1,GT
2707,,1.5404450410185773,1,2,5,1,HND
2708,1.4815968136216326,3.3440389677045594,0,2,5,1,HND
2718,3.5466693674775756,4.473541743547678,1,3,3,2,GT
2723,1.8082804104885772,3.068052935133617,0,3,5,1,HND
2724,0.6151810444850837,1.62924053973028,0,4,5,2,HND
2728,,1.3217558399823195,0,3,3,1,HND
2732,1.4815968136216326,2.0583881324394504,0,3,5,2,HND
2733,,1.3217558399823195,0,3,5,2,HND
2734,1.8082804104885772,3.242592351485517,1,2,2,1,HND
2736,2.4159046711167216,3.3440389677045594,0,2,5,2,HND
2739,1.4815968136216326,3.068052935133617,1,3,2,2,HND
2740,1.2669404203629342,1.6850753266662104,1,3,5,1,HND
2741,0.9932454766941653,2.4203681286504293,1,3,5,1,HND
2743,1.4815968136216326,2.4203681286504293,1,2,5,2,HND
2745,1.4815968136216326,2.4203681286504293,1,2,5,3,HND
2749,0.9932454766941653,1.7147984281719266,1,3,5,1,HND
2751,1.4815968136216326,2.542726220339748,0,2,5,2,HND
2754,0.9932454766941653,1.62924053973028,1,3,5,2,HND
2760,3.063381389272089,4.820281565605037,0,1,2,2,HND
2763,3.277135110304369,5.041810911564705,1,2,3,2,HND
2765,,0.7985076961177716,0,2,5,1,HND
2769,1.9387330983889748,3.607533814659984,0,3,5,2,HND
2774,3.063381389272089,4.820281565605037,0,1,1,2,HND
2776,,1.3217558399823195,0,2,2,2,HND
2777,,1.1631508098056809,1,2,5,1,HND
2781,,1.3217558399823195,0,3,2,1,HND
2784,2.7485427845726025,4.49032034430915,0,3,3,2,HND
2801,3.9318256327243257,2.6026896854443837,0,2,2,1,SLV
2803,,1.3217558399823195,0,4,5,1,SLV
2805,4.394449154672439,3.32022831924897,0,2,5,2,SLV
2806,4.795790545596741,3.4339872044851463,0,3,5,3,SLV
2809,0.9932454766941653,1.9252908618317444,1,4,5,1,HND
2816,5.081404364984463,3.995137912077303,0,3,4,1,SLV
2819,4.875197323201151,4.189654742026425,0,4,5,1,SLV
2820,,1.1631508098056809,0,2,1,2,SLV
2823,0.9932454766941653,2.4203681286504293,1,3,4,1,HND
2827,4.61512051684126,3.258096538021482,0,3,4,2,SLV
2828,5.303304908059076,3.9318256327243257,0,2,4,2,SLV
2847,6.68586094706836,5.303304908059076,0,1,5,3,SLV
2859,,1.1631508098056809,0,2,5,2,SLV
2861,,1.5404450410185773,0,4,5,3,SLV
2862,5.303304908059076,4.214593690422939,0,4,5,2,SLV
2864,,1.041453874710514,0,2,5,1,SLV
2866,,0.8649974374866045,0,1,1,1,SLV
2869,,1.8718021769015913,0,4,2,2,SLV
2872,,1.5404450410185773,0,3,2,2,SLV
2875,5.5254529391317835,4.151039905898646,0,4,5,2,SLV
2877,4.875197323201151,3.1208954166550558,0,2,5,3,SLV
2879,4.61512051684126,3.044522437723423,1,3,2,3,SLV
2880,4.61512051684126,3.044522437723423,0,2,3,1,SLV
2890,2.251282851198046,4.238925790985132,1,4,2,1,HND
2893,2.251282851198046,2.819545705373424,1,3,2,1,HND
2894,2.4159046711167216,3.9160150266976834,1,2,5,1,HND
2896,2.5572180865188763,4.571268634346893,0,2,2,3,HND
2897,2.251282851198046,3.9560398908449206,1,4,5,1,HND
2911,4.836281906951478,2.936891773682573,0,2,5,2,SLV
2920,4.330733340286331,3.258096538021482,1,4,5,1,SLV
2923,4.110873864173311,2.5649493574615367,0,3,5,1,SLV
2925,4.61512051684126,3.258096538021482,0,3,5,2,SLV
2937,5.707110264748875,3.6506582412937387,0,3,4,2,SLV
2942,5.017279836814924,4.330733340286331,1,4,5,1,SLV
2943,4.61512051684126,2.6026896854443837,0,3,5,2,SLV
2945,5.017279836814924,3.110335656356689,1,3,5,2,SLV
2947,0.0,0.0,0,4,5,1,SLV
2949,6.55250788703459,4.61512051684126,1,2,3,1,SLV
2952,5.303304908059076,3.1451096745328977,0,2,4,2,SLV
2967,4.61512051684126,3.258096538021482,0,4,5,1,SLV
2981,,1.3217558399823195,1,4,5,2,HND
2982,,1.041453874710514,0,2,5,99,HND
2983,2.3787960454765966,3.6978391954854084,0,4,3,1,HND
2990,1.4815968136216326,3.3440389677045594,0,3,4,1,HND
2991,,1.5404450410185773,1,3,5,3,HND
2992,,1.1631508098056809,0,3,5,1,HND
2994,1.6582199813326706,3.2818506240295893,0,2,3,2,HND
2995,,1.041453874710514,1,2,2,2,HND
2997,5.5254529391317835,3.7534179753296324,1,3,5,1,SLV
2998,4.7535901911063645,2.8581108957599106,1,2,3,2,SLV
3011,,1.041453874710514,1,2,2,1,HND
3013,,1.5404450410185773,0,3,3,2,HND
3018,3.1471554070062653,4.505533995849571,0,2,5,1,HND
3026,2.881935158550927,3.5115454388310208,0,2,4,1,GT
3028,1.4747071723083793,1.824549292051046,0,2,4,1,GT
3044,,1.1631508098056809,0,2,5,1,GT
3045,2.548987722562021,3.4446824934955114,0,2,5,1,GT
3046,3.9424812089123504,4.590056548178043,1,3,5,3,GT
3052,2.4077797148922633,2.6390573296152584,0,4,3,2,GT
3053,,1.8718021769015913,0,4,5,2,GT
3056,3.389223513504308,3.8110970868381857,0,3,5,1,GT
3068,,1.1631508098056809,0,3,5,1,GT
3072,6.045525320989053,6.142651656251624,1,1,1,2,GT
3074,3.7640321482127375,3.8592248198912955,0,2,2,1,GT
3096,3.7640321482127375,4.409763389645481,0,2,3,3,GT
3100,2.881935158550927,4.189654742026425,0,3,4,1,GT
3101,3.268548266383154,4.189654742026425,0,2,2,2,GT
3109,3.3307051009084687,4.253245844760563,1,3,4,1,GT
3111,4.093856609859374,5.028256895664416,0,3,4,1,GT
3112,2.881935158550927,4.189654742026425,0,3,4,1,GT
3113,3.9424812089123504,4.590056548178043,1,2,3,2,GT
3127,2.8903623134071212,4.639571612705423,0,1,1,2,HND
3132,2.415597121027569,4.135166556742356,0,2,5,3,HND
3134,4.225324285438801,4.875197323201151,1,2,3,2,GT
3136,2.2433217005344064,2.6390573296152584,0,2,4,2,GT
3139,3.546691847191796,3.5115454388310208,1,4,5,1,GT
3146,4.911134318494713,5.160969175205609,0,1,1,1,GT
3150,1.4813358684713678,2.856470206220483,1,4,5,1,HND
3151,2.0538206108353765,4.418840607796598,0,4,5,1,HND
3152,6.90875477931522,5.5254529391317835,1,3,5,1,SLV
3154,4.976733742420574,3.3945083935113587,0,1,2,2,SLV
3155,,1.3217558399823195,0,4,5,1,HND
3156,0.0,0.0,0,4,5,1,HND
3157,3.2768101487232153,5.041810911564705,0,4,5,1,HND
3158,2.890043370649641,4.238925790985132,1,4,5,1,HND
3160,5.303304908059076,4.214593690422939,1,3,5,2,SLV
3161,3.9318256327243257,2.6026896854443837,1,2,2,2,SLV
3166,5.484796933490655,4.110873864173311,0,3,5,1,SLV
3172,1.4813358684713678,2.856470206220483,0,2,5,2,HND
3173,2.6207164085058903,4.639571612705423,1,2,5,1,HND
3174,1.7506501417649767,3.0023768161070965,1,2,5,3,HND
3175,2.415597121027569,3.9160150266976834,0,3,5,1,HND
3177,0.9930328601617253,2.6855773454774243,0,4,5,1,HND
3180,2.6806976406517764,4.418840607796598,1,2,5,1,HND
3181,,1.041453874710514,0,3,5,1,SLV
3187,6.2166061010848646,4.836281906951478,1,3,5,2,SLV
3192,5.303304908059076,3.9318256327243257,1,2,2,3,SLV
3202,6.90875477931522,5.303304908059076,1,2,3,1,SLV
3205,,1.8718021769015913,0,4,5,2,SLV
3207,6.398594934535208,5.707110264748875,0,1,3,1,SLV
3209,,0.9444616086741848,1,2,3,1,SLV
3210,5.707110264748875,4.330733340286331,0,3,5,2,SLV
3213,4.61512051684126,3.5361166994644386,0,4,5,1,SLV
3215,4.61512051684126,4.61512051684126,1,2,4,2,SLV
3216,5.707110264748875,4.110873864173311,1,3,3,2,SLV
3223,6.16541785423142,4.384107800919286,1,3,5,1,SLV
3227,4.795790545596741,3.2188758248682006,1,3,5,1,SLV
3233,4.61512051684126,3.5361166994644386,0,4,5,3,SLV
3234,5.993961427306569,4.394449154672439,1,2,5,2,SLV
3235,5.62040086571715,4.529008825058499,1,4,5,1,SLV
3237,5.5254529391317835,4.151039905898646,1,2,5,2,SLV
3243,3.9318256327243257,2.8716796250726913,0,2,5,1,SLV
3245,5.198497031265826,3.828641396489095,0,4,5,2,SLV
3249,5.5254529391317835,4.434777200019885,1,2,5,2,SLV
3251,4.61512051684126,3.044522437723423,0,2,5,1,SLV
3252,4.61512051684126,3.258096538021482,0,2,5,2,SLV
3256,1.807998073192995,3.7376696182833684,1,3,5,3,HND
3257,1.4813358684713678,3.3440389677045594,0,3,5,3,HND
3262,4.394449154672439,3.713572066704308,1,4,2,1,SLV
3264,4.948759890378168,3.367295829986474,0,4,5,2,SLV
3267,5.303304908059076,3.9318256327243257,0,4,5,1,SLV
3269,5.707110264748875,4.61512051684126,0,2,5,1,SLV
3276,3.4339872044851463,2.772588722239781,0,2,2,1,SLV
3277,5.707110264748875,4.61512051684126,0,2,4,2,SLV
3280,4.795790545596741,2.8982769372457975,1,2,4,2,SLV
3286,5.707110264748875,4.330733340286331,1,4,5,1,SLV
3292,5.860786223465865,4.2626798770413155,1,3,4,1,SLV
3301,5.860786223465865,4.483002552013883,1,2,3,1,SLV
3302,2.0538206108353765,3.1957534075058263,0,3,5,1,HND
3303,2.336672412413831,4.049608668380709,0,4,5,1,HND
3313,,1.1631508098056809,0,2,3,1,GT
3315,,1.041453874710514,1,2,2,3,GT
3318,,1.5404450410185773,0,4,5,1,GT
3324,,0.8649974374866045,0,4,5,3,GT
3325,,0.9444616086741848,1,4,5,3,GT
3329,3.3307274198141568,3.0819099697950434,0,1,1,1,GT
3331,3.2685705321960454,3.6888794541139363,0,3,5,3,GT
3334,3.546691847191796,3.970291913552122,0,2,2,3,GT
3335,3.0548971952322423,3.970291913552122,0,4,5,1,GT
3338,3.546691847191796,3.5115454388310208,1,3,3,1,GT
3340,3.0548971952322423,3.6888794541139363,0,3,4,2,GT
3343,3.942503906677543,4.590056548178043,1,3,3,2,GT
3370,3.87489576024086,3.7243538422003577,1,4,5,1,GT
3374,3.942503906677543,3.5960661543835104,0,3,3,1,GT
3377,4.911134318494713,5.342334251964811,1,1,1,3,GT
3385,2.6806976406517764,5.796057750765372,1,2,2,1,HND
3386,2.6727225295525443,3.295836866004329,0,3,2,2,GT
3387,2.6727225295525443,2.763620052437201,1,3,3,2,GT
3394,3.389245879467294,3.139832617527748,1,2,3,2,GT
3405,3.764054758251886,4.189654742026425,0,2,5,99,GT
3413,3.546691847191796,4.189654742026425,0,2,2,2,GT
3414,3.546691847191796,4.189654742026425,1,2,5,2,GT
3421,2.881957008545115,2.7372493555067026,0,3,4,1,GT
3422,3.546691847191796,3.7917368394784563,0,2,3,1,GT
3423,3.546691847191796,3.7917368394784563,1,2,3,1,GT
3425,3.942503906677543,4.3694478524670215,1,2,3,1,GT
3426,3.546691847191796,3.970291913552122,0,2,3,1,GT
3428,3.2685705321960454,3.3623575484449013,0,2,3,3,GT
3434,,0.9444616086741848,1,4,3,3,GT
3445,3.2685705321960454,2.9299808961368417,1,2,2,2,GT
3449,,0.7419373447293773,0,3,5,1,GT
3451,3.2685705321960454,3.6888794541139363,0,3,3,1,GT
3455,2.417177800516834,4.418840607796598,0,2,5,2,HND
3457,2.8916825650795976,6.018593214496234,1,3,5,1,HND
3459,3.064713971645187,4.418840607796598,1,2,5,1,HND
3460,2.417177800516834,3.7376696182833684,1,2,5,1,HND
3461,2.682314391237391,4.0193815238085255,0,2,5,1,HND
3464,3.064713971645187,4.599152113662528,0,1,5,2,HND
3465,3.064713971645187,4.418840607796598,1,2,3,1,HND
3468,2.7924678784702928,4.820281565605037,1,1,2,2,HND
3471,2.9645253020273414,4.031582240485785,1,2,2,1,HND
3475,,1.041453874710514,0,3,5,3,SLV
3485,,1.1631508098056809,0,2,2,1,SLV
3490,2.6124201534789617,3.907010463604602,0,3,3,2,GT
3501,5.017279836814924,3.6506582412937387,1,3,4,2,SLV
3502,,1.5404450410185773,1,2,3,2,SLV
3507,5.198497031265826,4.110873864173311,1,3,4,2,SLV
3515,2.682314391237391,4.418840607796598,1,2,2,2,HND
3521,5.303304908059076,3.5361166994644386,1,3,5,1,SLV
3534,2.7819827659682113,4.303794786404308,1,2,1,2,HND
3540,5.8888779583328805,4.51085950651685,1,3,3,1,SLV
3544,4.394449154672439,2.6625878267928944,1,4,5,1,SLV
3545,5.993961427306569,4.900324273030434,1,3,4,1,SLV
3553,5.303304908059076,4.214593690422939,0,2,3,1,SLV
3554,,1.5404450410185773,1,3,5,2,SLV
3555,5.62040086571715,4.529008825058499,1,3,5,2,SLV
3557,,1.5404450410185773,1,2,4,2,SLV
3561,,1.041453874710514,1,2,3,1,SLV
3571,5.5254529391317835,4.434777200019885,1,2,3,2,SLV
3573,5.303304908059076,3.9318256327243257,1,3,5,1,SLV
3575,5.303304908059076,4.214593690422939,0,3,2,2,SLV
3583,,1.3217558399823195,0,2,2,2,SLV
3586,5.017279836814924,2.6835090924345395,1,2,2,2,SLV
3588,5.017279836814924,3.6506582412937387,1,4,5,2,SLV
3591,5.5254529391317835,3.9318256327243257,1,2,3,3,SLV
3592,6.398594934535208,5.017279836814924,1,1,1,2,SLV
3605,4.795790545596741,3.044522437723423,0,4,3,2,SLV
3610,5.017279836814924,4.330733340286331,1,3,3,3,SLV
3611,,1.8718021769015913,0,2,5,1,SLV
3614,5.707110264748875,5.017279836814924,0,2,3,1,SLV
3617,5.5254529391317835,3.603165935723175,1,3,5,3,SLV
3621,5.993961427306569,4.394449154672439,1,2,1,2,SLV
3625,,1.041453874710514,0,2,5,2,SLV
3633,5.707110264748875,4.61512051684126,0,3,5,3,SLV
3636,5.5254529391317835,3.9318256327243257,0,2,2,2,SLV
3641,,1.5404450410185773,0,2,2,2,SLV
3650,5.929589143389895,4.330733340286331,1,3,5,1,SLV
3655,5.303304908059076,3.713572066704308,1,2,4,1,SLV
3657,6.68586094706836,4.394449154672439,1,2,2,2,SLV
3660,5.017279836814924,3.110335656356689,0,3,5,2,SLV
3664,,1.1631508098056809,1,2,5,1,SLV
3665,5.303304908059076,4.61512051684126,0,3,5,1,SLV
3676,,1.3217558399823195,0,3,5,1,SLV
3677,,1.5404450410185773,0,4,5,1,SLV
3681,5.303304908059076,4.214593690422939,1,1,5,2,SLV
3695,2.2429767982922004,3.5115454388310208,0,2,5,1,GT
3699,2.2429767982922004,3.5115454388310208,1,4,5,1,GT
3706,3.4545010904783333,5.91350300563827,1,2,2,3,HND
3709,1.4826771472944598,3.068052935133617,0,3,5,1,HND
3713,,1.041453874710514,0,3,5,2,GT
3714,3.9421255433138147,4.590056548178043,0,2,2,3,GT
3716,3.4441548863565603,4.3694478524670215,1,3,5,1,GT
3717,4.77827178597414,5.209486152841421,0,1,1,2,GT
3724,2.7053372042521016,4.727977615544449,1,3,5,1,HND
3728,1.8094492451098336,3.242592351485517,1,3,5,1,HND
3735,3.9421255433138147,4.875197323201151,1,2,3,1,GT
3736,3.7636778575080028,4.189654742026425,0,2,3,1,GT
3738,4.77827178597414,6.1224928095143865,1,1,1,1,GT
3752,2.8815927796305028,3.7917368394784563,0,3,3,1,GT
3754,3.201922445008664,4.5217885770490405,0,3,3,2,GT
3755,3.5217382849772094,4.448516375942715,1,2,2,2,GT
3759,2.782440223952085,3.6888794541139363,1,3,2,3,GT
3763,,,0,3,5,3,GT
3764,,1.3217558399823195,0,3,5,1,GT
3765,,1.1631508098056809,1,2,5,2,GT
3769,4.483927367178333,5.422008838743311,0,2,2,2,GT
3773,,1.1631508098056809,1,4,5,1,HND
3780,3.1309391180747856,3.7669972333778885,0,3,3,3,GT
3782,3.0545295326420487,3.295836866004329,0,3,2,1,GT
3788,3.666963197877023,5.037385409388527,1,2,5,2,HND
3799,3.5463171192975094,3.7917368394784563,0,3,5,1,GT
3801,2.40744966569249,3.295836866004329,0,3,99,1,GT
3813,3.7741169148941482,5.836758157444277,1,2,5,2,HND
3816,3.9421255433138147,4.590056548178043,1,1,4,2,GT
3820,4.445158111701497,4.541773869459739,1,2,5,3,GT
3825,2.927710546425098,3.0204248861443626,1,4,5,3,GT
3826,4.6255218782068095,5.278114659230517,1,4,5,2,GT
3827,3.8745179205427025,4.301358731606427,0,2,2,1,GT
3828,3.2681993705739307,4.590056548178043,0,4,5,3,GT
3834,,1.5404450410185773,1,2,5,2,HND
3837,,1.5404450410185773,1,2,5,2,HND
3838,2.4170461726148105,4.820281565605037,0,2,5,1,HND
3840,3.202040909555317,4.121743536464269,1,3,4,1,GT
3841,5.484796933490655,4.110873864173311,0,3,2,1,SLV
3844,5.017279836814924,3.4339872044851463,0,3,5,1,SLV
3850,,1.5404450410185773,0,3,1,99,SLV
3851,5.666426688112432,4.574710978503383,1,3,3,1,SLV
3862,4.394449154672439,3.044522437723423,0,2,1,3,SLV
3864,5.303304908059076,4.214593690422939,0,3,5,1,SLV
3865,4.2626798770413155,2.917770732084279,1,2,5,2,SLV
3880,2.1586590050868186,4.535284058523925,1,3,4,2,HND
3881,2.682179761812887,4.198704577546343,0,3,2,1,HND
3883,0.3545427975291892,0.9963334394246145,1,1,5,2,HND
3884,2.782556070274889,2.6390573296152584,0,2,5,1,GT
3885,3.763798481202238,4.010358906209431,1,2,2,2,GT
3887,3.2683181572820663,3.907010463604602,0,2,3,2,GT
3911,5.484796933490655,4.110873864173311,0,2,1,2,SLV
3912,5.707110264748875,4.330733340286331,1,3,5,2,SLV
3914,5.707110264748875,4.61512051684126,1,2,3,2,SLV
3917,,1.3217558399823195,1,3,3,1,HND
3918,5.707110264748875,4.330733340286331,1,2,2,2,SLV
3924,5.303304908059076,4.214593690422939,1,4,5,1,SLV
3927,5.017279836814924,3.4339872044851463,0,4,4,2,SLV
3929,5.707110264748875,5.017279836814924,1,4,2,1,SLV
3932,4.61512051684126,2.8716796250726913,1,4,5,1,SLV
3933,5.25227342804663,4.164077900184963,1,2,5,3,SLV
3936,5.62040086571715,4.02535169073515,0,2,2,2,SLV
3937,,0.47692407202134385,1,3,5,1,SLV
3939,3.399060266323763,4.763597422867105,1,2,1,1,HND
3944,5.017279836814924,3.4339872044851463,0,2,5,3,SLV
3947,5.707110264748875,4.110873864173311,0,4,5,1,SLV
3948,7.313886831633462,5.707110264748875,0,3,5,3,SLV
3951,,0.8649974374866045,1,2,1,3,SLV
3954,5.017279836814924,4.330733340286331,0,4,5,1,SLV
3960,5.303304908059076,3.5361166994644386,1,2,4,1,SLV
3962,4.2626798770413155,2.538973871321434,1,1,3,2,SLV
3964,4.61512051684126,3.5361166994644386,1,4,5,1,SLV
3965,4.795790545596741,3.713572066704308,1,4,5,1,SLV
3966,4.394449154672439,2.6625878267928944,1,4,5,1,SLV
3979,,1.3217558399823195,0,3,5,2,SLV
3980,6.042632833682381,3.7612001156935624,1,2,2,2,SLV
3982,6.478509642208569,5.382964840761461,1,2,2,99,SLV
3983,4.61512051684126,3.044522437723423,0,4,5,2,SLV
3994,5.860786223465865,4.767855768548473,0,3,5,2,SLV
3996,4.61512051684126,3.258096538021482,1,3,5,1,SLV
4003,,1.3217558399823195,1,3,4,1,SLV
4004,5.303304908059076,3.5361166994644386,1,3,5,2,SLV
4007,5.993961427306569,4.61512051684126,1,3,5,1,SLV
4018,,1.8718021769015913,1,2,2,2,SLV
4021,5.602118820879701,3.678107357095924,1,4,5,2,SLV
4037,5.303304908059076,3.9318256327243257,0,4,3,2,SLV
4041,,1.1631508098056809,0,2,2,1,HND
4047,1.4825654427465156,2.542726220339748,0,2,5,1,HND
4055,1.6592347126325784,2.8949907035681273,0,4,3,2,HND
4063,2.782556070274889,3.1945831322991562,0,3,5,3,GT
4064,3.0546471993786843,3.6888794541139363,0,2,4,3,GT
4071,2.7387719191280113,4.258445572902527,0,4,5,1,HND
4072,,1.5404450410185773,0,4,5,1,HND
4075,3.202040909555317,3.8394523125933104,0,2,5,1,GT
4079,3.3889923692571067,3.4834354798552676,1,2,3,3,GT
4081,3.7239424976633675,3.970291913552122,0,3,3,1,GT
4084,3.34052125851955,5.392111245986142,1,2,1,2,HND
4085,0.7037255319886846,1.3173014895436534,0,4,5,1,HND
4095,5.027838139657836,6.373319789577012,0,2,3,2,GT
4109,1.5922641845517624,2.548468131277745,0,4,5,1,HND
4118,,0.7985076961177716,1,2,1,2,GT
4126,,2.4849066497880004,0,1,2,1,HND
4129,1.9639765360647152,3.242592351485517,0,2,5,1,HND
4139,,1.3217558399823195,1,2,2,2,HND
4141,2.682179761812887,5.10594547390058,1,2,1,2,HND
4148,2.881709347317511,2.974070776699819,1,4,5,1,GT
4149,2.881709347317511,3.7917368394784563,0,2,3,1,GT
4152,3.2683181572820663,3.5115454388310208,1,2,2,2,GT
4166,3.7239424976633675,3.8192809536981835,1,2,5,2,GT
4167,,1.3217558399823195,0,2,4,2,GT
4171,3.1310572130612884,3.7669972333778885,0,3,5,1,GT
4173,2.682179761812887,4.198704577546343,1,2,5,1,HND
4174,2.4170461726148105,3.9160150266976834,0,3,4,1,HND
4182,3.874638844779414,4.806749559113981,1,2,2,2,GT
4184,3.0546471993786843,3.6888794541139363,0,2,3,1,GT
4185,4.121328855847519,5.056245805348308,0,2,2,1,GT
4186,3.942246635166596,4.590056548178043,0,2,2,2,GT
4194,2.8849459536953947,3.1208954166550558,0,2,2,1,GT
4199,5.135951366532423,4.473541743547678,0,1,2,2,GT
4202,3.2716162716254615,3.5115454388310208,1,2,5,3,GT
4203,3.2716162716254615,3.1208954166550558,0,3,5,1,GT
4204,2.4106822606016682,3.0204248861443626,0,2,5,3,GT
4205,2.8849459536953947,2.974070776699819,0,3,5,1,GT
4220,3.7776638417242276,4.860780927439802,0,1,1,2,HND
4224,2.6856966108649982,4.703506086406838,0,2,2,2,HND
4229,,1.3217558399823195,0,3,5,1,HND
4233,,1.3217558399823195,0,3,2,1,HND
4239,,1.5404450410185773,0,1,2,2,HND
4275,4.228444126739733,4.189654742026425,1,2,5,1,GT
4276,2.6756702498259552,2.6390573296152584,0,2,5,2,GT
4277,4.9142770986486655,5.160969175205609,0,2,2,1,GT
4278,3.727288299330075,4.653960350157523,1,2,2,3,GT
4306,3.0579142702676423,3.970291913552122,0,3,5,1,GT
4307,4.448668411168399,5.096812990337308,1,3,3,1,GT
4329,3.549766800904939,3.970291913552122,1,2,3,1,GT
4335,4.096992719423298,4.7427558489406545,1,2,4,1,GT
4338,4.096992719423298,4.7427558489406545,1,3,1,1,GT
4339,3.549766800904939,3.970291913552122,0,2,4,1,GT
4341,3.2716162716254615,3.5115454388310208,0,3,5,3,GT
4349,3.9456086405407778,4.03802613155631,0,2,2,2,GT
4350,4.6255371638124725,5.564520407322694,1,3,2,2,GT
4353,3.054544241741324,3.295836866004329,1,2,2,1,GT
4354,,0.9444616086741848,0,2,1,2,GT
4355,3.4441698302976227,3.86702563949741,0,3,3,1,GT
4365,2.2570708571073714,3.4106761257582088,1,4,5,1,HND
4370,2.8816073513344955,3.7917368394784563,0,2,2,3,GT
4390,,1.3217558399823195,0,4,5,1,HND
4400,3.4441698302976227,4.085976312551584,1,2,5,1,GT
4402,3.268214219684127,3.5115454388310208,0,3,5,2,GT
4407,3.9421406805973325,4.590056548178043,1,3,2,2,GT
4410,,1.1631508098056809,0,3,5,1,GT
4411,,1.1631508098056809,0,3,2,3,GT
4417,,1.3217558399823195,0,4,5,3,GT
4422,3.130953880710816,3.7669972333778885,0,3,5,3,GT
4423,,1.041453874710514,1,4,5,99,GT
4434,2.2429905966661154,2.847812143477369,0,3,5,1,GT
4438,3.054544241741324,3.147840051935498,0,2,3,2,GT
4442,3.268214219684127,3.3623575484449013,1,2,2,3,GT
4443,3.9421406805973325,4.03802613155631,0,2,2,3,GT
4444,3.268214219684127,3.3623575484449013,0,2,2,1,GT
4458,1.0482737313564945,1.752094212893427,0,2,3,2,GT
4469,,1.3217558399823195,0,2,5,1,HND
4471,,1.041453874710514,1,2,2,1,GT
4476,3.268214219684127,3.1208954166550558,1,3,4,1,GT
4483,3.4441698302976227,4.770684624465665,0,3,2,1,GT
4504,,1.041453874710514,0,3,5,3,GT
4505,2.4074637125585987,3.0204248861443626,0,3,5,1,GT
4519,4.910766633521167,5.85124416642854,1,2,2,3,GT
4521,4.778287093006292,4.875197323201151,1,1,1,3,GT
4522,4.6255371638124725,5.564520407322694,0,2,2,2,GT
4524,4.4451733674106535,4.694401319411156,1,3,5,2,GT
4529,,1.3217558399823195,1,4,5,1,GT
4531,3.9421406805973325,3.7917368394784563,0,2,3,2,GT
4537,3.546332111109674,4.473541743547678,0,3,4,1,GT
4559,3.0038658263520177,4.751864565138895,0,2,5,0,HND
4560,2.5892130901035544,4.314817884980432,0,2,5,0,HND
4565,3.1085094675318885,4.860780927439802,0,3,3,0,HND
4568,5.303304908059076,3.713572066704308,1,3,5,0,HND
4569,2.2570708571073714,4.639571612705423,1,3,5,0,HND
4573,3.4441698302976227,3.5388867844768352,1,2,3,1,GT
4575,3.054544241741324,3.4719664525503626,1,1,3,1,GT
4576,2.8816073513344955,3.5115454388310208,1,2,5,2,GT
4579,2.1493544814407994,1.9242486522741338,0,4,5,1,GT
4580,3.546332111109674,3.64133850927003,1,4,5,2,GT
4584,1.930800209570551,2.782951509481513,0,4,5,1,GT
4587,2.0460362461590424,2.6390573296152584,1,4,5,1,GT
4589,3.7636929362655134,4.010358906209431,0,2,2,2,GT
4598,3.546332111109674,4.875197323201151,0,3,4,2,GT
4601,,1.3217558399823195,0,3,4,1,HND
4603,,1.1631508098056809,0,2,5,2,HND
4628,2.2506568602336765,3.560098664342798,1,2,5,1,HND
4632,0.9928050065583462,2.0583881324394504,0,3,5,1,HND
4633,,1.5404450410185773,0,2,5,1,HND
4636,,1.3217558399823195,0,4,5,1,HND
4637,,1.5404450410185773,0,3,5,2,HND
4642,5.726140396496191,7.29776828253138,1,2,1,2,HND
4643,1.1113813494375226,2.5877640352277083,1,2,1,2,HND
4644,1.807695480463031,3.457892725338701,0,2,5,1,HND
4645,,1.8718021769015913,1,2,5,1,HND
4647,2.680360488357441,4.198704577546343,1,3,4,0,HND
4650,1.481056208799448,4.418840607796598,0,3,3,0,HND
4653,,1.1631508098056809,0,2,5,1,HND
4654,2.88970153334586,4.087176072719507,0,2,5,2,HND
4655,2.680360488357441,4.198704577546343,0,2,5,99,HND
4663,1.481056208799448,4.418840607796598,1,2,4,0,HND
4666,3.139153685807056,6.280395838960195,1,2,2,0,HND
4669,2.415267498078397,3.7376696182833684,0,3,3,0,HND
4670,2.680360488357441,4.0193815238085255,0,2,3,0,HND
4671,2.053505080830858,3.520460802488973,0,4,3,1,HND
4685,,1.3217558399823195,0,2,3,2,HND
4709,,0.9444616086741848,0,2,3,3,GT
4715,,0.9444616086741848,0,2,5,3,GT
4716,0.9874173785760633,1.2809338454620642,0,3,3,1,GT
4718,3.268214219684127,3.1208954166550558,1,2,2,2,GT
4719,2.0460362461590424,2.1316272949012536,1,3,4,1,GT
4721,2.4074637125585987,3.295836866004329,0,3,2,2,GT
4723,2.8816073513344955,3.295836866004329,0,3,3,1,GT
4729,2.672377702915691,3.295836866004329,1,2,2,2,GT
4743,4.4451733674106535,5.786897381366708,0,2,2,2,GT
4745,4.4451733674106535,5.786897381366708,0,2,3,1,GT
4750,4.4451733674106535,4.875197323201151,0,1,1,2,GT
4755,4.4451733674106535,5.096812990337308,1,4,5,1,GT
4758,3.7636929362655134,4.694401319411156,0,3,2,1,GT
4759,3.9421406805973325,4.590056548178043,0,2,2,1,GT
4760,3.7636929362655134,4.694401319411156,0,3,5,3,GT
4790,3.7636929362655134,4.409763389645481,0,2,3,2,GT
4791,4.200016434403453,4.850075229083814,0,2,2,2,GT
4793,4.174435484117928,4.824305715904762,0,2,2,2,GT
4808,3.388887964017286,4.7140245909001735,0,2,2,1,GT
4812,2.782454705476383,4.085976312551584,0,3,4,2,GT
4813,2.8816073513344955,3.5115454388310208,0,2,4,1,GT
4814,3.330370257533336,4.253245844760563,1,2,2,2,GT
4816,2.680360488357441,3.868220382829455,1,2,5,2,HND
4818,1.481056208799448,2.542726220339748,0,2,2,2,HND
4820,1.807695480463031,2.7957557815213154,0,2,2,2,HND
4838,,1.1631508098056809,0,3,5,1,HND
4846,,1.5404450410185773,1,2,3,2,HND
4853,2.531084929765187,4.258445572902527,1,3,4,0,HND
4854,,1.041453874710514,1,2,4,0,HND
4857,2.0546615377709543,3.7376696182833684,1,2,4,0,HND
4872,2.0546615377709543,3.1957534075058263,1,4,5,1,HND
4874,,1.3217558399823195,0,4,5,1,HND
4878,2.7917441425937044,4.135166556742356,1,2,2,2,HND
4885,3.131581091373272,4.448516375942715,0,2,3,2,GT
4886,3.4448047414484706,4.3694478524670215,0,2,3,2,GT
4888,3.0551691785492596,3.970291913552122,0,2,3,2,GT
4890,3.3606901639833606,4.684443366882599,1,3,2,1,GT
4898,3.131581091373272,5.135798437050262,1,2,2,1,GT
4899,3.0551691785492596,4.3694478524670215,1,2,2,1,GT
4902,,1.5404450410185773,1,2,5,2,HND
4907,3.131581091373272,3.373026504809745,1,2,5,1,GT
4908,4.094160045199882,4.189654742026425,0,3,4,1,GT
4915,,1.041453874710514,0,4,4,1,HND
4916,2.252404337400378,3.7376696182833684,0,2,5,2,HND
4921,,1.3217558399823195,0,2,3,2,HND
4925,,1.5404450410185773,0,2,2,1,HND
4934,,1.3217558399823195,0,2,5,2,HND
4937,2.05520776130986,3.7376696182833684,0,2,5,2,HND
4960,6.2166061010848646,4.282600854555594,1,2,2,1,SLV
4962,5.170483995038151,4.083171261567796,1,4,4,1,SLV
4969,,1.5404450410185773,1,2,2,2,GT
4975,2.557485030093287,5.662960480135946,1,2,2,2,HND
4977,,1.5404450410185773,0,4,5,1,GT
4985,2.156931725202843,3.308977659669826,0,3,5,0,HND
4989,3.8749486464079643,3.970291913552122,1,2,2,1,GT
4992,3.764107513021929,4.694401319411156,0,2,4,2,GT
4994,3.49696660760383,4.422848629154137,0,2,4,2,GT
4995,4.44559280823473,5.786897381366708,0,3,4,3,GT
